"","rfid","project_name"
"1","933000120138344","u01_olivier_george_cocaine"
"2","933000120117321","u01_olivier_george_cocaine"
"3","933000120117313","u01_olivier_george_cocaine"
"4","933000120138643","u01_olivier_george_cocaine"
"5","933000120138346","u01_olivier_george_cocaine"
"6","933000120138354","u01_olivier_george_cocaine"
"7","933000120124697","u01_olivier_george_cocaine"
"8","933000120117329","u01_olivier_george_cocaine"
"9","933000120117342","u01_olivier_george_cocaine"
"10","933000120138578","u01_olivier_george_cocaine"
"11","933000120138348","u01_olivier_george_cocaine"
"12","933000120138559","u01_olivier_george_cocaine"
"13","933000120138632","u01_olivier_george_cocaine"
"14","933000120138293","u01_olivier_george_cocaine"
"15","933000120138569","u01_olivier_george_cocaine"
"16","933000120138558","u01_olivier_george_cocaine"
"17","933000120138351","u01_olivier_george_cocaine"
"18","933000120117332","u01_olivier_george_cocaine"
"19","933000120117307","u01_olivier_george_cocaine"
"20","933000120138304","u01_olivier_george_cocaine"
"21","933000120138394","u01_olivier_george_cocaine"
"22","933000120138403","u01_olivier_george_cocaine"
"23","933000120138400","u01_olivier_george_cocaine"
"24","933000120138336","u01_olivier_george_cocaine"
"25","933000120138398","u01_olivier_george_cocaine"
"26","933000120117324","u01_olivier_george_cocaine"
"27","933000120138321","u01_olivier_george_cocaine"
"28","933000120138645","u01_olivier_george_cocaine"
"29","933000120138332","u01_olivier_george_cocaine"
"30","933000120138343","u01_olivier_george_cocaine"
"31","933000120138339","u01_olivier_george_cocaine"
"32","933000120138561","u01_olivier_george_cocaine"
"33","933000120138296","u01_olivier_george_cocaine"
"34","933000120117318","u01_olivier_george_cocaine"
"35","933000120138287","u01_olivier_george_cocaine"
"36","933000120124698","u01_olivier_george_cocaine"
"37","933000120138286","u01_olivier_george_cocaine"
"38","933000120117338","u01_olivier_george_cocaine"
"39","933000120138633","u01_olivier_george_cocaine"
"40","933000120138324","u01_olivier_george_cocaine"
"41","933000120117334","u01_olivier_george_cocaine"
"42","933000120117336","u01_olivier_george_cocaine"
"43","933000120138295","u01_olivier_george_cocaine"
"44","933000120138397","u01_olivier_george_cocaine"
"45","933000120138285","u01_olivier_george_cocaine"
"46","933000120117306","u01_olivier_george_cocaine"
"47","933000120117320","u01_olivier_george_cocaine"
"48","933000120138305","u01_olivier_george_cocaine"
"49","933000120138342","u01_olivier_george_cocaine"
"50","933000120138322","u01_olivier_george_cocaine"
"51","933000120124705","u01_olivier_george_cocaine"
"52","933000120138289","u01_olivier_george_cocaine"
"53","933000120138331","u01_olivier_george_cocaine"
"54","933000120117325","u01_olivier_george_cocaine"
"55","933000120117312","u01_olivier_george_cocaine"
"56","933000120138338","u01_olivier_george_cocaine"
"57","933000120138649","u01_olivier_george_cocaine"
"58","933000120138300","u01_olivier_george_cocaine"
"59","933000120117349","u01_olivier_george_cocaine"
"60","933000120124699","u01_olivier_george_cocaine"
"61","933000120117351","u01_olivier_george_cocaine"
"62","933000120138340","u01_olivier_george_cocaine"
"63","933000120138330","u01_olivier_george_cocaine"
"64","933000120138334","u01_olivier_george_cocaine"
"65","933000120117323","u01_olivier_george_cocaine"
"66","933000120138316","u01_olivier_george_cocaine"
"67","933000120138650","u01_olivier_george_cocaine"
"68","933000120138349","u01_olivier_george_cocaine"
"69","933000120138557","u01_olivier_george_cocaine"
"70","933000120138279","u01_olivier_george_cocaine"
"71","933000120124704","u01_olivier_george_cocaine"
"72","933000120138283","u01_olivier_george_cocaine"
"73","933000120117308","u01_olivier_george_cocaine"
"74","933000120117311","u01_olivier_george_cocaine"
"75","933000120138341","u01_olivier_george_cocaine"
"76","933000120117350","u01_olivier_george_cocaine"
"77","933000120138347","u01_olivier_george_cocaine"
"78","933000120117343","u01_olivier_george_cocaine"
"79","933000120117333","u01_olivier_george_cocaine"
"80","933000120138288","u01_olivier_george_cocaine"
"81","933000120138385","u01_olivier_george_cocaine"
"82","933000120138282","u01_olivier_george_cocaine"
"83","933000120117326","u01_olivier_george_cocaine"
"84","933000120117348","u01_olivier_george_cocaine"
"85","933000120138556","u01_olivier_george_cocaine"
"86","933000120138388","u01_olivier_george_cocaine"
"87","933000120117346","u01_olivier_george_cocaine"
"88","933000120138302","u01_olivier_george_cocaine"
"89","933000120138386","u01_olivier_george_cocaine"
"90","933000120124696","u01_olivier_george_cocaine"
"91","933000120117331","u01_olivier_george_cocaine"
"92","933000120117344","u01_olivier_george_cocaine"
"93","933000120138280","u01_olivier_george_cocaine"
"94","933000120117341","u01_olivier_george_cocaine"
"95","933000120138306","u01_olivier_george_cocaine"
"96","933000120117347","u01_olivier_george_cocaine"
"97","933000120138405","u01_olivier_george_cocaine"
"98","933000120138583","u01_olivier_george_cocaine"
"99","933000120138387","u01_olivier_george_cocaine"
"100","933000120138639","u01_olivier_george_cocaine"
"101","933000120138579","u01_olivier_george_cocaine"
"102","933000120138665","u01_olivier_george_cocaine"
"103","933000120138682","u01_olivier_george_cocaine"
"104","933000120138667","u01_olivier_george_cocaine"
"105","933000120138642","u01_olivier_george_cocaine"
"106","933000120138674","u01_olivier_george_cocaine"
"107","933000120138409","u01_olivier_george_cocaine"
"108","933000120138661","u01_olivier_george_cocaine"
"109","933000120138600","u01_olivier_george_cocaine"
"110","933000120138689","u01_olivier_george_cocaine"
"111","933000120138673","u01_olivier_george_cocaine"
"112","933000120138680","u01_olivier_george_cocaine"
"113","933000120138616","u01_olivier_george_cocaine"
"114","933000120138573","u01_olivier_george_cocaine"
"115","933000120138496","u01_olivier_george_cocaine"
"116","933000120138657","u01_olivier_george_cocaine"
"117","933000120138708","u01_olivier_george_cocaine"
"118","933000120138698","u01_olivier_george_cocaine"
"119","933000120138629","u01_olivier_george_cocaine"
"120","933000120138399","u01_olivier_george_cocaine"
"121","933000120138415","u01_olivier_george_cocaine"
"122","933000120138663","u01_olivier_george_cocaine"
"123","933000120138389","u01_olivier_george_cocaine"
"124","933000120138711","u01_olivier_george_cocaine"
"125","933000120138670","u01_olivier_george_cocaine"
"126","933000120138384","u01_olivier_george_cocaine"
"127","933000120138754","u01_olivier_george_cocaine"
"128","933000120138437","u01_olivier_george_cocaine"
"129","933000120138675","u01_olivier_george_cocaine"
"130","933000120138634","u01_olivier_george_cocaine"
"131","933000120138669","u01_olivier_george_cocaine"
"132","933000120138654","u01_olivier_george_cocaine"
"133","933000120138605","u01_olivier_george_cocaine"
"134","933000120138636","u01_olivier_george_cocaine"
"135","933000120138615","u01_olivier_george_cocaine"
"136","933000120138750","u01_olivier_george_cocaine"
"137","933000120138609","u01_olivier_george_cocaine"
"138","933000120138395","u01_olivier_george_cocaine"
"139","933000120138603","u01_olivier_george_cocaine"
"140","933000120138631","u01_olivier_george_cocaine"
"141","933000120138743","u01_olivier_george_cocaine"
"142","933000120138715","u01_olivier_george_cocaine"
"143","933000120138672","u01_olivier_george_cocaine"
"144","933000120138655","u01_olivier_george_cocaine"
"145","933000120138730","u01_olivier_george_cocaine"
"146","933000120138646","u01_olivier_george_cocaine"
"147","933000120138668","u01_olivier_george_cocaine"
"148","933000120138666","u01_olivier_george_cocaine"
"149","933000120138592","u01_olivier_george_cocaine"
"150","933000120138599","u01_olivier_george_cocaine"
"151","933000120138402","u01_olivier_george_cocaine"
"152","933000120138577","u01_olivier_george_cocaine"
"153","933000120138724","u01_olivier_george_cocaine"
"154","933000120138696","u01_olivier_george_cocaine"
"155","933000120138414","u01_olivier_george_cocaine"
"156","933000120138638","u01_olivier_george_cocaine"
"157","933000120138679","u01_olivier_george_cocaine"
"158","933000120138584","u01_olivier_george_cocaine"
"159","933000120138575","u01_olivier_george_cocaine"
"160","933000120138390","u01_olivier_george_cocaine"
"161","933000120138717","u01_olivier_george_cocaine"
"162","933000120138748","u01_olivier_george_cocaine"
"163","933000120138494","u01_olivier_george_cocaine"
"164","933000120138589","u01_olivier_george_cocaine"
"165","933000120138607","u01_olivier_george_cocaine"
"166","933000120138644","u01_olivier_george_cocaine"
"167","933000120138700","u01_olivier_george_cocaine"
"168","933000120138637","u01_olivier_george_cocaine"
"169","933000120138734","u01_olivier_george_cocaine"
"170","933000120138604","u01_olivier_george_cocaine"
"171","933000120138391","u01_olivier_george_cocaine"
"172","933000120138648","u01_olivier_george_cocaine"
"173","933000120138568","u01_olivier_george_cocaine"
"174","933000120138652","u01_olivier_george_cocaine"
"175","933000120138598","u01_olivier_george_cocaine"
"176","933000120138582","u01_olivier_george_cocaine"
"177","933000120138647","u01_olivier_george_cocaine"
"178","933000120138585","u01_olivier_george_cocaine"
"179","933000120138454","u01_olivier_george_cocaine"
"180","933000120138427","u01_olivier_george_cocaine"
"181","933000120138640","u01_olivier_george_cocaine"
"182","933000120138718","u01_olivier_george_cocaine"
"183","933000120138564","u01_olivier_george_cocaine"
"184","933000120138686","u01_olivier_george_cocaine"
"185","933000120138619","u01_olivier_george_cocaine"
"186","933000120138627","u01_olivier_george_cocaine"
"187","933000120138455","u01_olivier_george_cocaine"
"188","933000120138601","u01_olivier_george_cocaine"
"189","933000120138662","u01_olivier_george_cocaine"
"190","933000120138436","u01_olivier_george_cocaine"
"191","933000120138656","u01_olivier_george_cocaine"
"192","933000320046376","u01_olivier_george_cocaine"
"193","933000320045653","u01_olivier_george_cocaine"
"194","933000320046382","u01_olivier_george_cocaine"
"195","933000320047475","u01_olivier_george_cocaine"
"196","933000320045794","u01_olivier_george_cocaine"
"197","933000320047126","u01_olivier_george_cocaine"
"198","933000320045661","u01_olivier_george_cocaine"
"199","933000320047127","u01_olivier_george_cocaine"
"200","933000320047476","u01_olivier_george_cocaine"
"201","933000320045784","u01_olivier_george_cocaine"
"202","933000320047313","u01_olivier_george_cocaine"
"203","933000120138434","u01_olivier_george_cocaine"
"204","933000320045657","u01_olivier_george_cocaine"
"205","933000120138504","u01_olivier_george_cocaine"
"206","933000320045670","u01_olivier_george_cocaine"
"207","933000320047490","u01_olivier_george_cocaine"
"208","933000320045791","u01_olivier_george_cocaine"
"209","933000320045672","u01_olivier_george_cocaine"
"210","933000320046131","u01_olivier_george_cocaine"
"211","933000320045785","u01_olivier_george_cocaine"
"212","933000320046379","u01_olivier_george_cocaine"
"213","933000320045990","u01_olivier_george_cocaine"
"214","933000320047275","u01_olivier_george_cocaine"
"215","933000320046605","u01_olivier_george_cocaine"
"216","933000320047286","u01_olivier_george_cocaine"
"217","933000320045659","u01_olivier_george_cocaine"
"218","933000120138611","u01_olivier_george_cocaine"
"219","933000320045667","u01_olivier_george_cocaine"
"220","933000320046127","u01_olivier_george_cocaine"
"221","933000120138500","u01_olivier_george_cocaine"
"222","933000320046910","u01_olivier_george_cocaine"
"223","933000320045799","u01_olivier_george_cocaine"
"224","933000320045792","u01_olivier_george_cocaine"
"225","933000320047147","u01_olivier_george_cocaine"
"226","933000120138630","u01_olivier_george_cocaine"
"227","933000320047135","u01_olivier_george_cocaine"
"228","933000120138406","u01_olivier_george_cocaine"
"229","933000120138410","u01_olivier_george_cocaine"
"230","933000320045675","u01_olivier_george_cocaine"
"231","933000320047277","u01_olivier_george_cocaine"
"232","933000320045778","u01_olivier_george_cocaine"
"233","933000320045736","u01_olivier_george_cocaine"
"234","933000320045781","u01_olivier_george_cocaine"
"235","933000320047103","u01_olivier_george_cocaine"
"236","933000120138440","u01_olivier_george_cocaine"
"237","933000320046608","u01_olivier_george_cocaine"
"238","933000320045777","u01_olivier_george_cocaine"
"239","933000320046609","u01_olivier_george_cocaine"
"240","933000120138447","u01_olivier_george_cocaine"
"241","933000320046613","u01_olivier_george_cocaine"
"242","933000320045997","u01_olivier_george_cocaine"
"243","933000320046615","u01_olivier_george_cocaine"
"244","933000120138722","u01_olivier_george_cocaine"
"245","933000320047281","u01_olivier_george_cocaine"
"246","933000320046093","u01_olivier_george_cocaine"
"247","933000320046611","u01_olivier_george_cocaine"
"248","933000320046920","u01_olivier_george_cocaine"
"249","933000120138420","u01_olivier_george_cocaine"
"250","933000120138424","u01_olivier_george_cocaine"
"251","933000320047114","u01_olivier_george_cocaine"
"252","933000320046144","u01_olivier_george_cocaine"
"253","933000320047283","u01_olivier_george_cocaine"
"254","933000120138736","u01_olivier_george_cocaine"
"255","933000320047129","u01_olivier_george_cocaine"
"256","933000320045674","u01_olivier_george_cocaine"
"257","933000320046907","u01_olivier_george_cocaine"
"258","933000320047477","u01_olivier_george_cocaine"
"259","933000320046078","u01_olivier_george_cocaine"
"260","933000320046092","u01_olivier_george_cocaine"
"261","933000320045660","u01_olivier_george_cocaine"
"262","933000320045988","u01_olivier_george_cocaine"
"263","933000320046135","u01_olivier_george_cocaine"
"264","933000320047110","u01_olivier_george_cocaine"
"265","933000120138744","u01_olivier_george_cocaine"
"266","933000320045735","u01_olivier_george_cocaine"
"267","933000320046904","u01_olivier_george_cocaine"
"268","933000320046915","u01_olivier_george_cocaine"
"269","933000320046148","u01_olivier_george_cocaine"
"270","933000320046088","u01_olivier_george_cocaine"
"271","933000320046397","u01_olivier_george_cocaine"
"272","933000320047293","u01_olivier_george_cocaine"
"273","933000120138407","u01_olivier_george_cocaine"
"274","933000320046393","u01_olivier_george_cocaine"
"275","933000320045740","u01_olivier_george_cocaine"
"276","933000320046377","u01_olivier_george_cocaine"
"277","933000320046099","u01_olivier_george_cocaine"
"278","933000320045744","u01_olivier_george_cocaine"
"279","933000320047121","u01_olivier_george_cocaine"
"280","933000320046086","u01_olivier_george_cocaine"
"281","933000320045787","u01_olivier_george_cocaine"
"282","933000320046923","u01_olivier_george_cocaine"
"283","933000120138684","u01_olivier_george_cocaine"
"284","933000320047280","u01_olivier_george_cocaine"
"285","933000320045652","u01_olivier_george_cocaine"
"286","933000320047470","u01_olivier_george_cocaine"
"287","933000320047264","u01_olivier_george_cocaine"
"288","933000320047471","u01_olivier_george_cocaine"
"289","933000320047288","u01_olivier_george_cocaine"
"290","933000320047116","u01_olivier_george_cocaine"
"291","933000320046922","u01_olivier_george_cocaine"
"292","933000320047260","u01_olivier_george_cocaine"
"293","933000320047321","u01_olivier_george_cocaine"
"294","933000320047132","u01_olivier_george_cocaine"
"295","933000320047295","u01_olivier_george_cocaine"
"296","933000320047497","u01_olivier_george_cocaine"
"297","933000320047111","u01_olivier_george_cocaine"
"298","933000320047287","u01_olivier_george_cocaine"
"299","933000320047108","u01_olivier_george_cocaine"
"300","933000320047136","u01_olivier_george_cocaine"
"301","933000320047290","u01_olivier_george_cocaine"
"302","933000320047500","u01_olivier_george_cocaine"
"303","933000320047150","u01_olivier_george_cocaine"
"304","933000320047312","u01_olivier_george_cocaine"
"305","933000320047115","u01_olivier_george_cocaine"
"306","933000320047119","u01_olivier_george_cocaine"
"307","933000320047112","u01_olivier_george_cocaine"
"308","933000320047001","u01_olivier_george_cocaine"
"309","933000320047593","u01_olivier_george_cocaine"
"310","933000320047037","u01_olivier_george_cocaine"
"311","933000320047017","u01_olivier_george_cocaine"
"312","933000320047172","u01_olivier_george_cocaine"
"313","933000320047598","u01_olivier_george_cocaine"
"314","933000320047049","u01_olivier_george_cocaine"
"315","933000320047339","u01_olivier_george_cocaine"
"316","933000320047340","u01_olivier_george_cocaine"
"317","933000320046814","u01_olivier_george_cocaine"
"318","933000320047019","u01_olivier_george_cocaine"
"319","933000320047171","u01_olivier_george_cocaine"
"320","933000320047600","u01_olivier_george_cocaine"
"321","933000320047342","u01_olivier_george_cocaine"
"322","933000320047337","u01_olivier_george_cocaine"
"323","933000320047341","u01_olivier_george_cocaine"
"324","933000320047584","u01_olivier_george_cocaine"
"325","933000320047162","u01_olivier_george_cocaine"
"326","933000320047581","u01_olivier_george_cocaine"
"327","933000320047333","u01_olivier_george_cocaine"
"328","933000320047595","u01_olivier_george_cocaine"
"329","933000320046812","u01_olivier_george_cocaine"
"330","933000320047327","u01_olivier_george_cocaine"
"331","933000320046823","u01_olivier_george_cocaine"
"332","933000320047583","u01_olivier_george_cocaine"
"333","933000320047330","u01_olivier_george_cocaine"
"334","933000320046841","u01_olivier_george_cocaine"
"335","933000320047040","u01_olivier_george_cocaine"
"336","933000320047166","u01_olivier_george_cocaine"
"337","933000320047582","u01_olivier_george_cocaine"
"338","933000320047045","u01_olivier_george_cocaine"
"339","933000320047011","u01_olivier_george_cocaine"
"340","933000320047346","u01_olivier_george_cocaine"
"341","933000320046842","u01_olivier_george_cocaine"
"342","933000320047592","u01_olivier_george_cocaine"
"343","933000320046818","u01_olivier_george_cocaine"
"344","933000320047154","u01_olivier_george_cocaine"
"345","933000320047169","u01_olivier_george_cocaine"
"346","933000320046833","u01_olivier_george_cocaine"
"347","933000320047152","u01_olivier_george_cocaine"
"348","933000320046822","u01_olivier_george_cocaine"
"349","933000320046832","u01_olivier_george_cocaine"
"350","933000320047332","u01_olivier_george_cocaine"
"351","933000320047167","u01_olivier_george_cocaine"
"352","933000320046847","u01_olivier_george_cocaine"
"353","933000320047331","u01_olivier_george_cocaine"
"354","933000320046801","u01_olivier_george_cocaine"
"355","933000320046815","u01_olivier_george_cocaine"
"356","933000320047335","u01_olivier_george_cocaine"
"357","933000320046810","u01_olivier_george_cocaine"
